{
 "rt": {
  "min": 35.4, 
  "max": 40.8, 
  "midian": 38.1, 
  "quartiles": [
   37.8, 
   38.1, 
   38.5
  ], 
  "miss_num": 69, 
  "mean": 38.13444816053516
 }, 
 "crt": {
  "min": 1.0, 
  "max": 5.0, 
  "midian": 3.0, 
  "quartiles": [
   2.0, 
   3.0, 
   4.0
  ], 
  "miss_num": 63, 
  "mean": 2.908196721311475
 }, 
 "rr": {
  "min": 8.0, 
  "max": 96.0, 
  "midian": 28.0, 
  "quartiles": [
   18.0, 
   26.0, 
   36.0
  ], 
  "miss_num": 71, 
  "mean": 30.521885521885523
 }, 
 "tol3": {
  "min": 0.0, 
  "max": 2209.0, 
  "midian": 0.0, 
  "quartiles": [
   0.0, 
   0.0, 
   0.0
  ], 
  "miss_num": 0, 
  "mean": 6.002717391304348
 }, 
 "tol2": {
  "min": 0.0, 
  "max": 7111.0, 
  "midian": 0.0, 
  "quartiles": [
   0.0, 
   0.0, 
   0.0
  ], 
  "miss_num": 0, 
  "mean": 96.97282608695652
 }, 
 "tol1": {
  "min": 0.0, 
  "max": 41110.0, 
  "midian": 3025.0, 
  "quartiles": [
   2111.0, 
   3025.0, 
   3209.0
  ], 
  "miss_num": 0, 
  "mean": 3650.834239130435
 }, 
 "pcv": {
  "min": 4.0, 
  "max": 75.0, 
  "midian": 44.0, 
  "quartiles": [
   37.0, 
   44.0, 
   52.0
  ], 
  "miss_num": 37, 
  "mean": 45.65679758308157
 }, 
 "pulse": {
  "min": 30.0, 
  "max": 184.0, 
  "midian": 60.0, 
  "quartiles": [
   48.0, 
   60.0, 
   88.0
  ], 
  "miss_num": 26, 
  "mean": 70.75730994152046
 }, 
 "HN": {
  "min": 514279.0, 
  "max": 5305629.0, 
  "midian": 530299.0, 
  "quartiles": [
   528904.0, 
   530297.0, 
   534719.0
  ], 
  "miss_num": 0, 
  "mean": 1112333.8614130435
 }, 
 "tp": {
  "min": 3.3, 
  "max": 89.0, 
  "midian": 7.5, 
  "quartiles": [
   6.5, 
   7.5, 
   57.0
  ], 
  "miss_num": 43, 
  "mean": 24.77107692307693
 }, 
 "atp": {
  "min": 0.1, 
  "max": 10.1, 
  "midian": 2.1, 
  "quartiles": [
   1.8, 
   2.0, 
   3.9
  ], 
  "miss_num": 235, 
  "mean": 2.9481203007518806
 }
}