{
 "rt": {
  "min": 35.4, 
  "max": 40.8, 
  "midian": 38.2, 
  "quartiles": [
   37.8, 
   38.2, 
   38.5
  ], 
  "miss_num": 60, 
  "mean": 38.16791666666669
 }, 
 "crt": {
  "min": 1.0, 
  "max": 5.0, 
  "midian": 3.0, 
  "quartiles": [
   2.0, 
   3.0, 
   4.0
  ], 
  "miss_num": 55, 
  "mean": 2.951020408163265
 }, 
 "rr": {
  "min": 8.0, 
  "max": 96.0, 
  "midian": 24.5, 
  "quartiles": [
   18.0, 
   24.0, 
   36.0
  ], 
  "miss_num": 58, 
  "mean": 30.417355371900825
 }, 
 "tol3": {
  "min": 0.0, 
  "max": 2209.0, 
  "midian": 0.0, 
  "quartiles": [
   0.0, 
   0.0, 
   0.0
  ], 
  "miss_num": 0, 
  "mean": 7.363333333333333
 }, 
 "tol2": {
  "min": 0.0, 
  "max": 7111.0, 
  "midian": 0.0, 
  "quartiles": [
   0.0, 
   0.0, 
   0.0
  ], 
  "miss_num": 0, 
  "mean": 90.22666666666667
 }, 
 "tol1": {
  "min": 0.0, 
  "max": 41110.0, 
  "midian": 2673.5, 
  "quartiles": [
   2111.0, 
   2322.0, 
   3209.0
  ], 
  "miss_num": 0, 
  "mean": 3657.88
 }, 
 "pcv": {
  "min": 23.0, 
  "max": 75.0, 
  "midian": 45.0, 
  "quartiles": [
   38.0, 
   45.0, 
   52.0
  ], 
  "miss_num": 29, 
  "mean": 46.29520295202952
 }, 
 "pulse": {
  "min": 30.0, 
  "max": 184.0, 
  "midian": 64.0, 
  "quartiles": [
   48.0, 
   64.0, 
   88.0
  ], 
  "miss_num": 24, 
  "mean": 71.91304347826087
 }, 
 "HN": {
  "min": 518476.0, 
  "max": 5305629.0, 
  "midian": 530305.5, 
  "quartiles": [
   528904.0, 
   530301.0, 
   534719.0
  ], 
  "miss_num": 0, 
  "mean": 1085888.8333333333
 }, 
 "tp": {
  "min": 3.3, 
  "max": 89.0, 
  "midian": 7.5, 
  "quartiles": [
   6.5, 
   7.5, 
   57.0
  ], 
  "miss_num": 33, 
  "mean": 24.456928838951317
 }, 
 "atp": {
  "min": 0.1, 
  "max": 10.1, 
  "midian": 2.25, 
  "quartiles": [
   2.0, 
   2.1, 
   3.9
  ], 
  "miss_num": 198, 
  "mean": 3.0196078431372553
 }
}