{
 "rt": {
  "min": 36.0, 
  "max": 39.7, 
  "midian": 38.0, 
  "quartiles": [
   37.7, 
   38.0, 
   38.3
  ], 
  "miss_num": 9, 
  "mean": 37.99830508474576
 }, 
 "crt": {
  "min": 1.0, 
  "max": 5.0, 
  "midian": 3.0, 
  "quartiles": [
   2.0, 
   3.0, 
   4.0
  ], 
  "miss_num": 8, 
  "mean": 2.7333333333333334
 }, 
 "rr": {
  "min": 10.0, 
  "max": 96.0, 
  "midian": 28.0, 
  "quartiles": [
   18.0, 
   28.0, 
   40.0
  ], 
  "miss_num": 13, 
  "mean": 30.98181818181818
 }, 
 "tol3": {
  "min": 0.0, 
  "max": 0.0, 
  "midian": 0.0, 
  "quartiles": [
   0.0, 
   0.0, 
   0.0
  ], 
  "miss_num": 0, 
  "mean": 0.0
 }, 
 "tol2": {
  "min": 0.0, 
  "max": 3205.0, 
  "midian": 0.0, 
  "quartiles": [
   0.0, 
   0.0, 
   0.0
  ], 
  "miss_num": 0, 
  "mean": 126.73529411764706
 }, 
 "tol1": {
  "min": 0.0, 
  "max": 31110.0, 
  "midian": 3111.0, 
  "quartiles": [
   2111.0, 
   3111.0, 
   3209.0
  ], 
  "miss_num": 0, 
  "mean": 3619.75
 }, 
 "pcv": {
  "min": 4.0, 
  "max": 74.0, 
  "midian": 42.0, 
  "quartiles": [
   35.0, 
   42.0, 
   48.0
  ], 
  "miss_num": 8, 
  "mean": 42.77333333333333
 }, 
 "pulse": {
  "min": 34.0, 
  "max": 150.0, 
  "midian": 60.0, 
  "quartiles": [
   45.0, 
   60.0, 
   80.0
  ], 
  "miss_num": 2, 
  "mean": 65.92424242424242
 }, 
 "HN": {
  "min": 514279.0, 
  "max": 5299049.0, 
  "midian": 530173.0, 
  "quartiles": [
   528919.0, 
   530107.0, 
   534686.0
  ], 
  "miss_num": 0, 
  "mean": 1229003.1029411764
 }, 
 "tp": {
  "min": 3.5, 
  "max": 79.0, 
  "midian": 7.199999999999999, 
  "quartiles": [
   6.0, 
   6.9, 
   56.0
  ], 
  "miss_num": 10, 
  "mean": 26.217241379310348
 }, 
 "atp": {
  "min": 0.9, 
  "max": 8.0, 
  "midian": 2.0, 
  "quartiles": [
   1.4, 
   2.0, 
   3.9
  ], 
  "miss_num": 37, 
  "mean": 2.7129032258064516
 }
}